"Beach Name","Sampling Date (DD/MM/YYYY)","E. coli count per 100mL on the sampling date"
"Golden Beach","02/01/2014","19"
"Deep Water Bay Beach","02/01/2014","4"
"Clear Water Bay Second Beach","02/01/2014","1"
"Tai Po Lung Mei Beach","02/01/2014","11"
"Silverstrand Beach","02/01/2014","53"
"Clear Water Bay First Beach","06/01/2014","2"
"Hap Mun Bay Beach","06/01/2014","1"
"Silverstrand Beach","06/01/2014","27"
"Kiu Tsui (New)","06/01/2014","1"
"Trio Beach ","06/01/2014","6"
"Kiu Tsui Beach","06/01/2014","1"
"Clear Water Bay Second Beach","06/01/2014","6"
"Repulse Bay Beach","07/01/2014","1"
"Middle Bay Beach","07/01/2014","2"
"Chung Hom Kok Beach","07/01/2014","1"
"St. Stephen's Beach","07/01/2014","1"
"South Bay Beach","07/01/2014","1"
"Deep Water Bay Beach","07/01/2014","1"
"Butterfly Beach","08/01/2014","48"
"Cafeteria Old Beach","08/01/2014","20"
"Golden Beach","08/01/2014","19"
"Kadoorie Beach","08/01/2014","25"
"Cafeteria New Beach","08/01/2014","5"
"Castle Peak Beach","08/01/2014","110"
"Tai Po Lung Mei Beach","08/01/2014","565"
"Lo So Shing Beach","09/01/2014","1"
"Turtle Cove Beach","13/01/2014","1"
"Big Wave Bay Beach","13/01/2014","7"
"Shek O Beach","13/01/2014","1"
"Hairpin Beach","13/01/2014","2"
"Golden Beach","13/01/2014","10"
"Ma Wan Tung Wan Beach","13/01/2014","16"
"Rocky Bay Beach","13/01/2014","1"
"Stanley Main Beach","13/01/2014","3"
"Deep Water Bay Beach","13/01/2014","1"
"Upper Cheung Sha Beach","14/01/2014","1"
"Pui O Beach","14/01/2014","2"
"Silverstrand Beach","14/01/2014","23"
"Clear Water Bay Second Beach","14/01/2014","1"
"Tong Fuk Beach","14/01/2014","1"
"Lower Cheung Sha Beach","14/01/2014","1"
"Silver Mine Bay Beach","14/01/2014","8"
"Tai Po Lung Mei Beach","16/01/2014","31"
"Anglers' Beach ","17/01/2014","70"
"Gemini Beaches","17/01/2014","180"
"Approach Beach","17/01/2014","26"
"Ting Kau Beach","17/01/2014","23"
"Hoi Mei Wan Beach","17/01/2014","140"
"Lido Beach","17/01/2014","6"
"Casam Beach","17/01/2014","16"
"Deep Water Bay Beach","20/01/2014","1"
"Golden Beach","20/01/2014","2"
"Clear Water Bay Second Beach","21/01/2014","1"
"Silverstrand Beach","21/01/2014","45"
"Anglers' Beach ","22/01/2014","22"
"Casam Beach","22/01/2014","19"
"Approach Beach","22/01/2014","20"
"Tai Po Lung Mei Beach","22/01/2014","4"
"Lido Beach","22/01/2014","14"
"Hoi Mei Wan Beach","22/01/2014","18"
"Gemini Beaches","22/01/2014","32"
"Ting Kau Beach","22/01/2014","12"
"Discovery Bay","23/01/2014","9"
"Golden Beach","27/01/2014","5"
"Tai Po Lung Mei Beach","27/01/2014","7"
"Deep Water Bay Beach","27/01/2014","1"
"Clear Water Bay Second Beach","28/01/2014","3"
"Silverstrand Beach","28/01/2014","1"
"Cheung Chau Tung Wan Beach ","29/01/2014","1"
"Hung Shing Yeh Beach","29/01/2014","1"
"Kwun Yam Beach","29/01/2014","1"
"Clear Water Bay Second Beach","04/02/2014","5"
"Silverstrand Beach","04/02/2014","6900"
"Golden Beach","04/02/2014","7"
"Stanley Main Beach","05/02/2014","30"
"Middle Bay Beach","05/02/2014","1"
"Deep Water Bay Beach","05/02/2014","1"
"Silverstrand Beach","05/02/2014","26"
"Big Wave Bay Beach","05/02/2014","22"
"Repulse Bay Beach","05/02/2014","1"
"Tai Po Lung Mei Beach","06/02/2014","74"
"Silverstrand Beach","10/02/2014","170"
"Clear Water Bay Second Beach","10/02/2014","4"
"Golden Beach","12/02/2014","19"
"Deep Water Bay Beach","12/02/2014","1"
"Tai Po Lung Mei Beach","13/02/2014","30"
"Trio Beach ","17/02/2014","6"
"Clear Water Bay Second Beach","17/02/2014","2"
"Clear Water Bay First Beach","17/02/2014","5"
"Silverstrand Beach","17/02/2014","44"
"Hap Mun Bay Beach","17/02/2014","2"
"Kiu Tsui (New)","17/02/2014","1"
"Kiu Tsui Beach","17/02/2014","1"
"Castle Peak Beach","18/02/2014","40"
"Kadoorie Beach","18/02/2014","59"
"Cafeteria Old Beach","18/02/2014","17"
"Golden Beach","18/02/2014","4"
"Deep Water Bay Beach","18/02/2014","7"
"Middle Bay Beach","18/02/2014","1"
"Stanley Main Beach","18/02/2014","2"
"Big Wave Bay Beach","18/02/2014","1"
"Repulse Bay Beach","18/02/2014","5"
"Cafeteria New Beach","18/02/2014","18"
"Ma Wan Tung Wan Beach","18/02/2014","780"
"Butterfly Beach","18/02/2014","4"
"Tong Fuk Beach","19/02/2014","1"
"Tai Po Lung Mei Beach","19/02/2014","3359"
"Upper Cheung Sha Beach","19/02/2014","1"
"Lower Cheung Sha Beach","19/02/2014","12"
"Pui O Beach","19/02/2014","114"
"Silver Mine Bay Beach","19/02/2014","4"
"Discovery Bay","20/02/2014","16"
"Repulse Bay Beach","21/02/2014","1"
"Stanley Main Beach","21/02/2014","11"
"Lo So Shing Beach","21/02/2014","1"
"Big Wave Bay Beach","21/02/2014","2"
"Middle Bay Beach","21/02/2014","2"
"Rocky Bay Beach","24/02/2014","12"
"Turtle Cove Beach","24/02/2014","1"
"Kwun Yam Beach","24/02/2014","1"
"Hairpin Beach","24/02/2014","11"
"Golden Beach","24/02/2014","1"
"Stanley Main Beach","24/02/2014","3"
"Big Wave Bay Beach","24/02/2014","1"
"Shek O Beach","24/02/2014","13"
"Cheung Chau Tung Wan Beach ","24/02/2014","7"
"Clear Water Bay Second Beach","25/02/2014","1"
"Tai Po Lung Mei Beach","25/02/2014","51"
"Silverstrand Beach","25/02/2014","10"
"Repulse Bay Beach","26/02/2014","2"
"Gemini Beaches","26/02/2014","3"
"Anglers' Beach ","26/02/2014","10"
"Hoi Mei Wan Beach","26/02/2014","16"
"Ting Kau Beach","26/02/2014","53"
"Approach Beach","26/02/2014","49"
"St. Stephen's Beach","26/02/2014","2"
"Casam Beach","26/02/2014","20"
"Chung Hom Kok Beach","26/02/2014","6"
"South Bay Beach","26/02/2014","10"
"Middle Bay Beach","26/02/2014","1"
"Deep Water Bay Beach","26/02/2014","3"
"Lido Beach","26/02/2014","26"
"Hung Shing Yeh Beach","27/02/2014","1"
"Kiu Tsui (New)","03/03/2014","2"
"Silverstrand Beach","03/03/2014","520"
"Kiu Tsui Beach","03/03/2014","3"
"Clear Water Bay First Beach","03/03/2014","8"
"Kwun Yam Beach","03/03/2014","1"
"Hap Mun Bay Beach","03/03/2014","1"
"Trio Beach ","03/03/2014","38"
"Clear Water Bay Second Beach","03/03/2014","13"
"Cheung Chau Tung Wan Beach ","03/03/2014","17"
"Golden Beach","04/03/2014","8"
"Butterfly Beach","04/03/2014","27"
"Castle Peak Beach","04/03/2014","99"
"Ting Kau Beach","04/03/2014","382"
"Gemini Beaches","04/03/2014","690"
"Rocky Bay Beach","04/03/2014","7"
"Turtle Cove Beach","04/03/2014","86"
"Stanley Main Beach","04/03/2014","23"
"Approach Beach","04/03/2014","205"
"Hoi Mei Wan Beach","04/03/2014","140"
"Casam Beach","04/03/2014","110"
"Big Wave Bay Beach","04/03/2014","24"
"Shek O Beach","04/03/2014","13"
"Hairpin Beach","04/03/2014","10"
"Ma Wan Tung Wan Beach","04/03/2014","120"
"Lido Beach","04/03/2014","73"
"Anglers' Beach ","04/03/2014","393"
"Cafeteria New Beach","04/03/2014","6"
"Kadoorie Beach","04/03/2014","20"
"Cafeteria Old Beach","04/03/2014","11"
"Tai Po Lung Mei Beach","05/03/2014","330"
"Middle Bay Beach","05/03/2014","93"
"St. Stephen's Beach","05/03/2014","1"
"Silver Mine Bay Beach","05/03/2014","1"
"Tong Fuk Beach","05/03/2014","1"
"South Bay Beach","05/03/2014","100"
"Pui O Beach","05/03/2014","1"
"Repulse Bay Beach","05/03/2014","170"
"Deep Water Bay Beach","05/03/2014","95"
"Lower Cheung Sha Beach","05/03/2014","5"
"Upper Cheung Sha Beach","05/03/2014","2"
"Lo So Shing Beach","06/03/2014","1"
"Chung Hom Kok Beach","06/03/2014","1100"
"Hung Shing Yeh Beach","06/03/2014","1"
"Discovery Bay","06/03/2014","6"
"Kiu Tsui Beach","10/03/2014","1"
"Trio Beach ","10/03/2014","1"
"Kwun Yam Beach","10/03/2014","16"
"Hap Mun Bay Beach","10/03/2014","1"
"Kiu Tsui (New)","10/03/2014","4"
"Silverstrand Beach","10/03/2014","16"
"Clear Water Bay Second Beach","10/03/2014","2"
"Cheung Chau Tung Wan Beach ","10/03/2014","20"
"Kadoorie Beach","11/03/2014","48"
"Butterfly Beach","11/03/2014","7"
"Repulse Bay Beach","11/03/2014","1"
"Deep Water Bay Beach","11/03/2014","1"
"Stanley Main Beach","11/03/2014","2"
"Castle Peak Beach","11/03/2014","360"
"Cafeteria New Beach","11/03/2014","15"
"Clear Water Bay First Beach","11/03/2014","12"
"Middle Bay Beach","11/03/2014","1"
"Big Wave Bay Beach","11/03/2014","1"
"Golden Beach","11/03/2014","13"
"Ma Wan Tung Wan Beach","11/03/2014","23"
"Cafeteria Old Beach","11/03/2014","16"
"St. Stephen's Beach","12/03/2014","1"
"Turtle Cove Beach","12/03/2014","14"
"Upper Cheung Sha Beach","12/03/2014","21"
"Tong Fuk Beach","12/03/2014","12"
"Lower Cheung Sha Beach","12/03/2014","7"
"Silver Mine Bay Beach","12/03/2014","91"
"South Bay Beach","12/03/2014","41"
"Chung Hom Kok Beach","12/03/2014","7"
"Rocky Bay Beach","12/03/2014","78"
"Hairpin Beach","12/03/2014","2"
"Lido Beach","12/03/2014","55"
"Hoi Mei Wan Beach","12/03/2014","29"
"Gemini Beaches","12/03/2014","11"
"Casam Beach","12/03/2014","90"
"Anglers' Beach ","12/03/2014","12"
"Shek O Beach","12/03/2014","10"
"Approach Beach","12/03/2014","78"
"Ting Kau Beach","12/03/2014","82"
"Pui O Beach","12/03/2014","10"
"Tai Po Lung Mei Beach","13/03/2014","70"
"Hung Shing Yeh Beach","13/03/2014","1"
"Lo So Shing Beach","13/03/2014","1"
"Discovery Bay","14/03/2014","12"
"Cheung Chau Tung Wan Beach ","17/03/2014","3"
"Trio Beach ","17/03/2014","3"
"Kwun Yam Beach","17/03/2014","1"
"Clear Water Bay Second Beach","17/03/2014","1"
"Kiu Tsui (New)","17/03/2014","2"
"Silverstrand Beach","17/03/2014","1"
"Clear Water Bay First Beach","17/03/2014","1"
"Hap Mun Bay Beach","17/03/2014","1"
"Kiu Tsui Beach","17/03/2014","6"
"Golden Beach","18/03/2014","21"
"Butterfly Beach","18/03/2014","4"
"Ma Wan Tung Wan Beach","18/03/2014","2"
"Rocky Bay Beach","18/03/2014","7"
"Hoi Mei Wan Beach","18/03/2014","45"
"Gemini Beaches","18/03/2014","85"
"Casam Beach","18/03/2014","10"
"Turtle Cove Beach","18/03/2014","4"
"Stanley Main Beach","18/03/2014","1"
"Ting Kau Beach","18/03/2014","30"
"Castle Peak Beach","18/03/2014","35"
"Big Wave Bay Beach","18/03/2014","28"
"Shek O Beach","18/03/2014","1"
"Hairpin Beach","18/03/2014","1"
"Approach Beach","18/03/2014","85"
"Lido Beach","18/03/2014","12"
"Anglers' Beach ","18/03/2014","130"
"Cafeteria New Beach","18/03/2014","14"
"Kadoorie Beach","18/03/2014","21"
"Cafeteria Old Beach","18/03/2014","10"
"Deep Water Bay Beach","19/03/2014","1"
"South Bay Beach","19/03/2014","8"
"Chung Hom Kok Beach","19/03/2014","29"
"Silver Mine Bay Beach","19/03/2014","1"
"Tong Fuk Beach","19/03/2014","1"
"Middle Bay Beach","19/03/2014","4"
"Upper Cheung Sha Beach","19/03/2014","2"
"Lower Cheung Sha Beach","19/03/2014","3"
"Pui O Beach","19/03/2014","3"
"Repulse Bay Beach","19/03/2014","6"
"St. Stephen's Beach","19/03/2014","1"
"Tai Po Lung Mei Beach","19/03/2014","86"
"Discovery Bay","20/03/2014","1"
"Hung Shing Yeh Beach","20/03/2014","1"
"Lo So Shing Beach","20/03/2014","10"
"Silverstrand Beach","24/03/2014","35"
"Kwun Yam Beach","24/03/2014","2"
"Hap Mun Bay Beach","24/03/2014","1"
"Kiu Tsui (New)","24/03/2014","1"
"Trio Beach ","24/03/2014","1"
"Clear Water Bay First Beach","24/03/2014","12"
"Clear Water Bay Second Beach","24/03/2014","1"
"Kiu Tsui Beach","24/03/2014","8"
"Cheung Chau Tung Wan Beach ","24/03/2014","1"
"Golden Beach","25/03/2014","1"
"Hoi Mei Wan Beach","25/03/2014","10"
"Castle Peak Beach","25/03/2014","7"
"Casam Beach","25/03/2014","12"
"Anglers' Beach ","25/03/2014","5"
"Cafeteria New Beach","25/03/2014","1"
"Kadoorie Beach","25/03/2014","3"
"Butterfly Beach","25/03/2014","6"
"Gemini Beaches","25/03/2014","11"
"Rocky Bay Beach","25/03/2014","5"
"Stanley Main Beach","25/03/2014","1"
"Big Wave Bay Beach","25/03/2014","1"
"Hairpin Beach","25/03/2014","1"
"Ting Kau Beach","25/03/2014","19"
"Turtle Cove Beach","25/03/2014","1"
"Shek O Beach","25/03/2014","3"
"Ma Wan Tung Wan Beach","25/03/2014","20"
"Approach Beach","25/03/2014","7"
"Lido Beach","25/03/2014","14"
"Cafeteria Old Beach","25/03/2014","2"
"Tong Fuk Beach","26/03/2014","1"
"Tai Po Lung Mei Beach","26/03/2014","25"
"Silver Mine Bay Beach","26/03/2014","4"
"Middle Bay Beach","26/03/2014","1"
"Upper Cheung Sha Beach","26/03/2014","1"
"Deep Water Bay Beach","26/03/2014","13"
"Lower Cheung Sha Beach","26/03/2014","2"
"Repulse Bay Beach","26/03/2014","13"
"South Bay Beach","26/03/2014","1"
"Chung Hom Kok Beach","26/03/2014","2"
"St. Stephen's Beach","26/03/2014","3"
"Pui O Beach","26/03/2014","7"
"Discovery Bay","27/03/2014","410"
"Hung Shing Yeh Beach","27/03/2014","1"
"Lo So Shing Beach","27/03/2014","16"
"South Bay Beach","01/04/2014","150"
"Hap Mun Bay Beach","01/04/2014","170"
"Rocky Bay Beach","01/04/2014","4700"
"Clear Water Bay First Beach","01/04/2014","150"
"Big Wave Bay Beach","01/04/2014","480"
"Turtle Cove Beach","01/04/2014","35"
"Stanley Main Beach","01/04/2014","869"
"Kiu Tsui Beach","01/04/2014","920"
"Kiu Tsui (New)","01/04/2014","544"
"Silverstrand Beach","01/04/2014","3100"
"Middle Bay Beach","01/04/2014","350"
"St. Stephen's Beach","01/04/2014","110"
"Deep Water Bay Beach","01/04/2014","765"
"Trio Beach ","01/04/2014","2100"
"Repulse Bay Beach","01/04/2014","540"
"Shek O Beach","01/04/2014","608"
"Hairpin Beach","01/04/2014","750"
"Chung Hom Kok Beach","01/04/2014","250"
"Clear Water Bay Second Beach","01/04/2014","130"
"Lido Beach","02/04/2014","170"
"Approach Beach","02/04/2014","293"
"Cafeteria Old Beach","02/04/2014","230"
"Butterfly Beach","02/04/2014","350"
"Silverstrand Beach","02/04/2014","520"
"Tong Fuk Beach","02/04/2014","180"
"Upper Cheung Sha Beach","02/04/2014","410"
"Lower Cheung Sha Beach","02/04/2014","390"
"Silver Mine Bay Beach","02/04/2014","1600"
"Ma Wan Tung Wan Beach","02/04/2014","120"
"Casam Beach","02/04/2014","200"
"Anglers' Beach ","02/04/2014","465"
"Golden Beach","02/04/2014","460"
"Cafeteria New Beach","02/04/2014","360"
"Kadoorie Beach","02/04/2014","390"
"Castle Peak Beach","02/04/2014","900"
"Ting Kau Beach","02/04/2014","1595"
"Trio Beach ","02/04/2014","830"
"Gemini Beaches","02/04/2014","110"
"Pui O Beach","02/04/2014","1800"
"Hoi Mei Wan Beach","02/04/2014","420"
"Kwun Yam Beach","04/04/2014","58"
"Cheung Chau Tung Wan Beach ","04/04/2014","130"
"Pui O Beach","04/04/2014","846"
"Tai Po Lung Mei Beach","04/04/2014","2240"
"Deep Water Bay Beach","07/04/2014","31"
"Hung Shing Yeh Beach","07/04/2014","67"
"Middle Bay Beach","07/04/2014","6"
"Chung Hom Kok Beach","07/04/2014","19"
"Discovery Bay","07/04/2014","41"
"Repulse Bay Beach","07/04/2014","11"
"South Bay Beach","07/04/2014","1"
"St. Stephen's Beach","07/04/2014","15"
"Gemini Beaches","08/04/2014","100"
"Anglers' Beach ","08/04/2014","120"
"Ting Kau Beach","08/04/2014","53"
"Cafeteria Old Beach","08/04/2014","37"
"Lido Beach","08/04/2014","110"
"Hoi Mei Wan Beach","08/04/2014","130"
"Golden Beach","08/04/2014","190"
"Big Wave Bay Beach","08/04/2014","43"
"Shek O Beach","08/04/2014","96"
"Hairpin Beach","08/04/2014","8"
"Kadoorie Beach","08/04/2014","80"
"Butterfly Beach","08/04/2014","110"
"Rocky Bay Beach","08/04/2014","110"
"Turtle Cove Beach","08/04/2014","9"
"Stanley Main Beach","08/04/2014","23"
"Cafeteria New Beach","08/04/2014","72"
"Castle Peak Beach","08/04/2014","90"
"Approach Beach","08/04/2014","285"
"Casam Beach","08/04/2014","200"
"Ma Wan Tung Wan Beach","08/04/2014","22"
"Clear Water Bay Second Beach","09/04/2014","4"
"Hap Mun Bay Beach","09/04/2014","1"
"Kwun Yam Beach","09/04/2014","1"
"Tong Fuk Beach","09/04/2014","10"
"Lower Cheung Sha Beach","09/04/2014","11"
"Silver Mine Bay Beach","09/04/2014","45"
"Trio Beach ","09/04/2014","100"
"Clear Water Bay First Beach","09/04/2014","1"
"Cheung Chau Tung Wan Beach ","09/04/2014","4"
"Upper Cheung Sha Beach","09/04/2014","20"
"Pui O Beach","09/04/2014","67"
"Silverstrand Beach","09/04/2014","260"
"Kiu Tsui Beach","09/04/2014","21"
"Kiu Tsui (New)","09/04/2014","22"
"Lo So Shing Beach","10/04/2014","1"
"Tai Po Lung Mei Beach","11/04/2014","32"
"Kwun Yam Beach","14/04/2014","56"
"Chung Hom Kok Beach","14/04/2014","19"
"Kiu Tsui Beach","14/04/2014","4200"
"Repulse Bay Beach","14/04/2014","19"
"South Bay Beach","14/04/2014","35"
"Deep Water Bay Beach","14/04/2014","9"
"Hap Mun Bay Beach","14/04/2014","1"
"Clear Water Bay First Beach","14/04/2014","38"
"Kiu Tsui (New)","14/04/2014","2"
"Silverstrand Beach","14/04/2014","300"
"Clear Water Bay Second Beach","14/04/2014","3"
"Middle Bay Beach","14/04/2014","33"
"St. Stephen's Beach","14/04/2014","3"
"Trio Beach ","14/04/2014","7"
"Approach Beach","15/04/2014","93"
"Lower Cheung Sha Beach","15/04/2014","65"
"Pui O Beach","15/04/2014","682"
"Silver Mine Bay Beach","15/04/2014","73"
"Lido Beach","15/04/2014","120"
"Hoi Mei Wan Beach","15/04/2014","140"
"Casam Beach","15/04/2014","180"
"Gemini Beaches","15/04/2014","410"
"Kiu Tsui Beach","15/04/2014","62"
"Upper Cheung Sha Beach","15/04/2014","90"
"Cheung Chau Tung Wan Beach ","15/04/2014","330"
"Tong Fuk Beach","15/04/2014","18"
"Anglers' Beach ","15/04/2014","520"
"Ting Kau Beach","15/04/2014","82"
"Golden Beach","16/04/2014","9"
"Tai Po Lung Mei Beach","16/04/2014","274"
"Shek O Beach","16/04/2014","24"
"Discovery Bay","16/04/2014","150"
"Lo So Shing Beach","16/04/2014","110"
"Turtle Cove Beach","16/04/2014","2"
"Stanley Main Beach","16/04/2014","41"
"Ma Wan Tung Wan Beach","16/04/2014","440"
"Cafeteria New Beach","16/04/2014","28"
"Kadoorie Beach","16/04/2014","120"
"Butterfly Beach","16/04/2014","21"
"Hairpin Beach","16/04/2014","4"
"Rocky Bay Beach","16/04/2014","15"
"Hung Shing Yeh Beach","16/04/2014","3"
"Big Wave Bay Beach","16/04/2014","18"
"Castle Peak Beach","16/04/2014","24"
"Cafeteria Old Beach","16/04/2014","6"
"Stanley Main Beach","22/04/2014","17"
"Lower Cheung Sha Beach","22/04/2014","9"
"Casam Beach","22/04/2014","820"
"Golden Beach","22/04/2014","37"
"Cafeteria Old Beach","22/04/2014","22"
"Upper Cheung Sha Beach","22/04/2014","4"
"Silver Mine Bay Beach","22/04/2014","28"
"Rocky Bay Beach","22/04/2014","18"
"Hairpin Beach","22/04/2014","5"
"Ma Wan Tung Wan Beach","22/04/2014","800"
"Ting Kau Beach","22/04/2014","393"
"Lido Beach","22/04/2014","590"
"Hoi Mei Wan Beach","22/04/2014","900"
"Cafeteria New Beach","22/04/2014","15"
"Kadoorie Beach","22/04/2014","2"
"Castle Peak Beach","22/04/2014","42"
"Big Wave Bay Beach","22/04/2014","33"
"Gemini Beaches","22/04/2014","1300"
"Turtle Cove Beach","22/04/2014","1"
"Butterfly Beach","22/04/2014","22"
"Pui O Beach","22/04/2014","42"
"Shek O Beach","22/04/2014","104"
"Tong Fuk Beach","22/04/2014","3"
"Approach Beach","22/04/2014","394"
"Clear Water Bay First Beach","23/04/2014","9"
"South Bay Beach","23/04/2014","11"
"Deep Water Bay Beach","23/04/2014","53"
"Kiu Tsui (New)","23/04/2014","3"
"Clear Water Bay Second Beach","23/04/2014","10"
"Anglers' Beach ","23/04/2014","812"
"Middle Bay Beach","23/04/2014","29"
"St. Stephen's Beach","23/04/2014","5"
"Repulse Bay Beach","23/04/2014","40"
"Kiu Tsui Beach","23/04/2014","4"
"Trio Beach ","23/04/2014","3"
"Chung Hom Kok Beach","23/04/2014","80"
"Hap Mun Bay Beach","23/04/2014","1"
"Silverstrand Beach","23/04/2014","2600"
"Silverstrand Beach","24/04/2014","320"
"Cheung Chau Tung Wan Beach ","24/04/2014","480"
"Hung Shing Yeh Beach","24/04/2014","3"
"Kwun Yam Beach","24/04/2014","4"
"Tai Po Lung Mei Beach","25/04/2014","76"
"Ma Wan Tung Wan Beach","26/04/2014","55"
"Cafeteria New Beach","26/04/2014","21"
"Lo So Shing Beach","26/04/2014","2"
"Kadoorie Beach","26/04/2014","16"
"Castle Peak Beach","26/04/2014","22"
"Butterfly Beach","26/04/2014","98"
"Golden Beach","26/04/2014","23"
"Cafeteria Old Beach","26/04/2014","10"
"Approach Beach","27/04/2014","40"
"Anglers' Beach ","27/04/2014","280"
"Hoi Mei Wan Beach","27/04/2014","83"
"Lido Beach","27/04/2014","180"
"Casam Beach","27/04/2014","130"
"Gemini Beaches","27/04/2014","190"
"Hung Shing Yeh Beach","27/04/2014","2"
"Ting Kau Beach","27/04/2014","56"
"Stanley Main Beach","28/04/2014","1"
"Shek O Beach","28/04/2014","1"
"Big Wave Bay Beach","28/04/2014","6"
"Silverstrand Beach","28/04/2014","19"
"Kiu Tsui (New)","28/04/2014","3"
"Clear Water Bay Second Beach","28/04/2014","1"
"Kwun Yam Beach","28/04/2014","3"
"Cheung Chau Tung Wan Beach ","28/04/2014","1"
"Trio Beach ","28/04/2014","1"
"Kiu Tsui Beach","28/04/2014","23"
"Turtle Cove Beach","28/04/2014","8"
"Hairpin Beach","28/04/2014","5"
"Rocky Bay Beach","28/04/2014","1"
"Hap Mun Bay Beach","28/04/2014","1"
"Clear Water Bay First Beach","28/04/2014","1"
"Discovery Bay","29/04/2014","5"
"Chung Hom Kok Beach","29/04/2014","1"
"South Bay Beach","29/04/2014","8"
"Repulse Bay Beach","29/04/2014","260"
"Pui O Beach","29/04/2014","7"
"Silver Mine Bay Beach","29/04/2014","84"
"Tong Fuk Beach","29/04/2014","3"
"Lower Cheung Sha Beach","29/04/2014","76"
"Deep Water Bay Beach","29/04/2014","1"
"St. Stephen's Beach","29/04/2014","30"
"Middle Bay Beach","29/04/2014","2"
"Upper Cheung Sha Beach","29/04/2014","16"
"Tai Po Lung Mei Beach","02/05/2014","242"
"Discovery Bay","03/05/2014","41"
"Turtle Cove Beach","03/05/2014","5"
"Hairpin Beach","03/05/2014","43"
"Rocky Bay Beach","03/05/2014","2"
"Stanley Main Beach","03/05/2014","83"
"Shek O Beach","03/05/2014","2"
"Big Wave Bay Beach","03/05/2014","2"
"Chung Hom Kok Beach","04/05/2014","23"
"South Bay Beach","04/05/2014","4"
"Deep Water Bay Beach","04/05/2014","4"
"Repulse Bay Beach","04/05/2014","8"
"Lo So Shing Beach","04/05/2014","3"
"Middle Bay Beach","04/05/2014","41"
"St. Stephen's Beach","04/05/2014","20"
"Clear Water Bay First Beach","07/05/2014","1"
"Kadoorie Beach","07/05/2014","90"
"Gemini Beaches","07/05/2014","1200"
"Hoi Mei Wan Beach","07/05/2014","580"
"Golden Beach","07/05/2014","65"
"Cafeteria Old Beach","07/05/2014","90"
"Kiu Tsui Beach","07/05/2014","19"
"Casam Beach","07/05/2014","1100"
"Ma Wan Tung Wan Beach","07/05/2014","180"
"Silverstrand Beach","07/05/2014","400"
"Kiu Tsui (New)","07/05/2014","3"
"Butterfly Beach","07/05/2014","24"
"Castle Peak Beach","07/05/2014","140"
"Cafeteria New Beach","07/05/2014","78"
"Anglers' Beach ","07/05/2014","1159"
"Lido Beach","07/05/2014","1000"
"Ting Kau Beach","07/05/2014","257"
"Approach Beach","07/05/2014","425"
"Clear Water Bay Second Beach","07/05/2014","27"
"Trio Beach ","07/05/2014","16"
"Hap Mun Bay Beach","07/05/2014","52"
"Hung Shing Yeh Beach","08/05/2014","2"
"Kwun Yam Beach","08/05/2014","37"
"Silver Mine Bay Beach","08/05/2014","65"
"Lower Cheung Sha Beach","08/05/2014","1"
"Pui O Beach","08/05/2014","1"
"Cheung Chau Tung Wan Beach ","08/05/2014","67"
"Upper Cheung Sha Beach","08/05/2014","1"
"Tong Fuk Beach","08/05/2014","1"
"Clear Water Bay First Beach","12/05/2014","800"
"Kwun Yam Beach","12/05/2014","270"
"Cheung Chau Tung Wan Beach ","12/05/2014","76"
"Silverstrand Beach","12/05/2014","720"
"Kiu Tsui (New)","12/05/2014","660"
"Trio Beach ","12/05/2014","770"
"Clear Water Bay Second Beach","12/05/2014","570"
"Tai Po Lung Mei Beach","12/05/2014","3488"
"Kiu Tsui Beach","12/05/2014","760"
"Hap Mun Bay Beach","12/05/2014","250"
"Approach Beach","13/05/2014","613"
"Hoi Mei Wan Beach","13/05/2014","49"
"Casam Beach","13/05/2014","120"
"Ma Wan Tung Wan Beach","13/05/2014","350"
"Turtle Cove Beach","13/05/2014","1100"
"Golden Beach","13/05/2014","2600"
"Stanley Main Beach","13/05/2014","95"
"Gemini Beaches","13/05/2014","94"
"Shek O Beach","13/05/2014","1871"
"Hairpin Beach","13/05/2014","470"
"Ting Kau Beach","13/05/2014","484"
"Big Wave Bay Beach","13/05/2014","4600"
"Anglers' Beach ","13/05/2014","150"
"Lido Beach","13/05/2014","340"
"Rocky Bay Beach","13/05/2014","360"
"Big Wave Bay Beach","14/05/2014","450"
"Repulse Bay Beach","14/05/2014","36"
"Tong Fuk Beach","14/05/2014","13"
"Silver Mine Bay Beach","14/05/2014","320"
"Middle Bay Beach","14/05/2014","50"
"St. Stephen's Beach","14/05/2014","110"
"Chung Hom Kok Beach","14/05/2014","230"
"Kadoorie Beach","14/05/2014","800"
"Castle Peak Beach","14/05/2014","260"
"Butterfly Beach","14/05/2014","260"
"Upper Cheung Sha Beach","14/05/2014","5"
"South Bay Beach","14/05/2014","61"
"Cafeteria New Beach","14/05/2014","170"
"Deep Water Bay Beach","14/05/2014","83"
"Cafeteria Old Beach","14/05/2014","240"
"Shek O Beach","14/05/2014","900"
"Lower Cheung Sha Beach","14/05/2014","60"
"Golden Beach","14/05/2014","140"
"Pui O Beach","15/05/2014","837"
"Lo So Shing Beach","15/05/2014","15"
"Hung Shing Yeh Beach","15/05/2014","40"
"Tai Po Lung Mei Beach","16/05/2014","187"
"Discovery Bay","16/05/2014","67"
"Kwun Yam Beach","19/05/2014","31"
"Cheung Chau Tung Wan Beach ","19/05/2014","40"
"Kiu Tsui Beach","19/05/2014","17"
"Trio Beach ","19/05/2014","18"
"Hap Mun Bay Beach","19/05/2014","50"
"Kiu Tsui (New)","19/05/2014","36"
"Silverstrand Beach","19/05/2014","65"
"Clear Water Bay Second Beach","19/05/2014","5100"
"Clear Water Bay First Beach","19/05/2014","190"
"Lower Cheung Sha Beach","20/05/2014","31"
"Clear Water Bay Second Beach","20/05/2014","100"
"Ma Wan Tung Wan Beach","20/05/2014","30"
"Ting Kau Beach","20/05/2014","118"
"Casam Beach","20/05/2014","190"
"Cafeteria New Beach","20/05/2014","150"
"Castle Peak Beach","20/05/2014","54"
"Pui O Beach","20/05/2014","53"
"Upper Cheung Sha Beach","20/05/2014","24"
"Golden Beach","20/05/2014","170"
"Kadoorie Beach","20/05/2014","130"
"Butterfly Beach","20/05/2014","93"
"Approach Beach","20/05/2014","202"
"Lido Beach","20/05/2014","100"
"Hoi Mei Wan Beach","20/05/2014","98"
"Anglers' Beach ","20/05/2014","177"
"Cafeteria Old Beach","20/05/2014","90"
"Tong Fuk Beach","20/05/2014","1"
"Gemini Beaches","20/05/2014","570"
"Silver Mine Bay Beach","20/05/2014","34"
"Big Wave Bay Beach","21/05/2014","2600"
"Middle Bay Beach","21/05/2014","330"
"Deep Water Bay Beach","21/05/2014","914"
"Shek O Beach","21/05/2014","647"
"Chung Hom Kok Beach","21/05/2014","210"
"South Bay Beach","21/05/2014","350"
"Rocky Bay Beach","21/05/2014","420"
"Turtle Cove Beach","21/05/2014","520"
"Hairpin Beach","21/05/2014","69"
"Stanley Main Beach","21/05/2014","81"
"Repulse Bay Beach","21/05/2014","510"
"Lo So Shing Beach","22/05/2014","2"
"St. Stephen's Beach","22/05/2014","16"
"Hung Shing Yeh Beach","22/05/2014","25"
"Big Wave Bay Beach","22/05/2014","800"
"Tai Po Lung Mei Beach","23/05/2014","2533"
"Discovery Bay","23/05/2014","150"
"Kiu Tsui (New)","26/05/2014","8"
"Kiu Tsui Beach","26/05/2014","58"
"Silverstrand Beach","26/05/2014","45"
"Hap Mun Bay Beach","26/05/2014","7"
"Kwun Yam Beach","26/05/2014","38"
"Trio Beach ","26/05/2014","14"
"Cheung Chau Tung Wan Beach ","26/05/2014","6"
"Clear Water Bay First Beach","26/05/2014","47"
"Clear Water Bay Second Beach","26/05/2014","2"
"Gemini Beaches","27/05/2014","300"
"Anglers' Beach ","27/05/2014","326"
"Hoi Mei Wan Beach","27/05/2014","460"
"Castle Peak Beach","27/05/2014","4000"
"Casam Beach","27/05/2014","590"
"Cafeteria New Beach","27/05/2014","130"
"Kadoorie Beach","27/05/2014","180"
"Butterfly Beach","27/05/2014","100"
"Big Wave Bay Beach","27/05/2014","2"
"Shek O Beach","27/05/2014","1"
"Turtle Cove Beach","27/05/2014","12"
"Hairpin Beach","27/05/2014","5"
"Stanley Main Beach","27/05/2014","3"
"Ma Wan Tung Wan Beach","27/05/2014","300"
"Ting Kau Beach","27/05/2014","1153"
"Golden Beach","27/05/2014","140"
"Cafeteria Old Beach","27/05/2014","100"
"Approach Beach","27/05/2014","722"
"Rocky Bay Beach","27/05/2014","17"
"Lido Beach","27/05/2014","1400"
"Upper Cheung Sha Beach","28/05/2014","11"
"Middle Bay Beach","28/05/2014","12"
"St. Stephen's Beach","28/05/2014","15"
"Chung Hom Kok Beach","28/05/2014","9"
"Deep Water Bay Beach","28/05/2014","9"
"South Bay Beach","28/05/2014","11"
"Tong Fuk Beach","28/05/2014","1"
"Lower Cheung Sha Beach","28/05/2014","24"
"Pui O Beach","28/05/2014","932"
"Silver Mine Bay Beach","28/05/2014","90"
"Repulse Bay Beach","28/05/2014","5"
"Castle Peak Beach","28/05/2014","360"
"Hung Shing Yeh Beach","29/05/2014","24"
"Lo So Shing Beach","29/05/2014","15"
"Discovery Bay","29/05/2014","1"
"Tai Po Lung Mei Beach","30/05/2014","240"
"Clear Water Bay First Beach","03/06/2014","23"
"Hap Mun Bay Beach","03/06/2014","13"
"Kiu Tsui (New)","03/06/2014","8"
"Casam Beach","03/06/2014","430"
"Kwun Yam Beach","03/06/2014","1"
"Gemini Beaches","03/06/2014","760"
"Cafeteria Old Beach","03/06/2014","90"
"Silverstrand Beach","03/06/2014","2800"
"Clear Water Bay Second Beach","03/06/2014","2500"
"Kiu Tsui Beach","03/06/2014","1"
"Trio Beach ","03/06/2014","5"
"Ma Wan Tung Wan Beach","03/06/2014","80"
"Approach Beach","03/06/2014","271"
"Ting Kau Beach","03/06/2014","176"
"Lido Beach","03/06/2014","510"
"Hoi Mei Wan Beach","03/06/2014","320"
"Anglers' Beach ","03/06/2014","345"
"Golden Beach","03/06/2014","220"
"Cafeteria New Beach","03/06/2014","800"
"Kadoorie Beach","03/06/2014","36"
"Castle Peak Beach","03/06/2014","55"
"Butterfly Beach","03/06/2014","18"
"Cheung Chau Tung Wan Beach ","03/06/2014","2"
"Pui O Beach","04/06/2014","52"
"Silver Mine Bay Beach","04/06/2014","15"
"Chung Hom Kok Beach","04/06/2014","5"
"Silverstrand Beach","04/06/2014","18"
"Repulse Bay Beach","04/06/2014","38"
"Deep Water Bay Beach","04/06/2014","11"
"Big Wave Bay Beach","04/06/2014","90"
"Shek O Beach","04/06/2014","18"
"Turtle Cove Beach","04/06/2014","30"
"Hairpin Beach","04/06/2014","80"
"Stanley Main Beach","04/06/2014","12"
"Middle Bay Beach","04/06/2014","8"
"South Bay Beach","04/06/2014","3"
"St. Stephen's Beach","04/06/2014","43"
"Tong Fuk Beach","04/06/2014","4"
"Upper Cheung Sha Beach","04/06/2014","5"
"Lower Cheung Sha Beach","04/06/2014","20"
"Rocky Bay Beach","04/06/2014","17"
"Lo So Shing Beach","05/06/2014","4"
"Hung Shing Yeh Beach","05/06/2014","2"
"Discovery Bay","06/06/2014","15"
"Tai Po Lung Mei Beach","06/06/2014","1354"
"Kiu Tsui (New)","09/06/2014","14"
"Kwun Yam Beach","09/06/2014","6"
"Trio Beach ","09/06/2014","480"
"Clear Water Bay First Beach","09/06/2014","55"
"Hap Mun Bay Beach","09/06/2014","4"
"Kiu Tsui Beach","09/06/2014","170"
"Cheung Chau Tung Wan Beach ","09/06/2014","35"
"Clear Water Bay Second Beach","09/06/2014","75"
"Golden Beach","10/06/2014","25"
"South Bay Beach","10/06/2014","3"
"Chung Hom Kok Beach","10/06/2014","63"
"Kadoorie Beach","10/06/2014","24"
"Repulse Bay Beach","10/06/2014","34"
"Middle Bay Beach","10/06/2014","28"
"Butterfly Beach","10/06/2014","71"
"Deep Water Bay Beach","10/06/2014","18"
"Silverstrand Beach","10/06/2014","69"
"Ma Wan Tung Wan Beach","10/06/2014","43"
"Cafeteria New Beach","10/06/2014","18"
"Cafeteria Old Beach","10/06/2014","18"
"St. Stephen's Beach","10/06/2014","5"
"Hairpin Beach","11/06/2014","520"
"Anglers' Beach ","11/06/2014","164"
"Castle Peak Beach","11/06/2014","1200"
"Turtle Cove Beach","11/06/2014","210"
"Hoi Mei Wan Beach","11/06/2014","230"
"Gemini Beaches","11/06/2014","180"
"Rocky Bay Beach","11/06/2014","1100"
"Approach Beach","11/06/2014","212"
"Shek O Beach","11/06/2014","2265"
"Tong Fuk Beach","11/06/2014","16"
"Lower Cheung Sha Beach","11/06/2014","270"
"Upper Cheung Sha Beach","11/06/2014","9"
"Pui O Beach","11/06/2014","7"
"Silver Mine Bay Beach","11/06/2014","1000"
"Big Wave Bay Beach","11/06/2014","270"
"Stanley Main Beach","11/06/2014","435"
"Ting Kau Beach","11/06/2014","306"
"Lido Beach","11/06/2014","90"
"Casam Beach","11/06/2014","200"
"Lo So Shing Beach","12/06/2014","32"
"Discovery Bay","12/06/2014","120"
"Hung Shing Yeh Beach","12/06/2014","17"
"Shek O Beach","12/06/2014","816"
"Tai Po Lung Mei Beach","13/06/2014","3529"
"Kwun Yam Beach","16/06/2014","80"
"Cheung Chau Tung Wan Beach ","16/06/2014","19"
"Kiu Tsui Beach","16/06/2014","3"
"Clear Water Bay First Beach","16/06/2014","110"
"Clear Water Bay Second Beach","16/06/2014","110"
"Kiu Tsui (New)","16/06/2014","22"
"Trio Beach ","16/06/2014","1"
"Silverstrand Beach","16/06/2014","90"
"Hap Mun Bay Beach","16/06/2014","17"
"Big Wave Bay Beach","17/06/2014","230"
"Shek O Beach","17/06/2014","6"
"Castle Peak Beach","17/06/2014","810"
"Butterfly Beach","17/06/2014","29"
"Ma Wan Tung Wan Beach","17/06/2014","360"
"Lido Beach","17/06/2014","1000"
"Casam Beach","17/06/2014","390"
"Hairpin Beach","17/06/2014","20"
"Stanley Main Beach","17/06/2014","4"
"Approach Beach","17/06/2014","664"
"Golden Beach","17/06/2014","100"
"Cafeteria Old Beach","17/06/2014","41"
"Cafeteria New Beach","17/06/2014","43"
"Anglers' Beach ","17/06/2014","528"
"Kadoorie Beach","17/06/2014","64"
"Gemini Beaches","17/06/2014","390"
"Rocky Bay Beach","17/06/2014","12"
"Turtle Cove Beach","17/06/2014","5"
"Pui O Beach","18/06/2014","144"
"Repulse Bay Beach","18/06/2014","5"
"Deep Water Bay Beach","18/06/2014","7"
"St. Stephen's Beach","18/06/2014","10"
"Silver Mine Bay Beach","18/06/2014","31"
"Tong Fuk Beach","18/06/2014","5"
"South Bay Beach","18/06/2014","3"
"Middle Bay Beach","18/06/2014","6"
"Chung Hom Kok Beach","18/06/2014","3"
"Ting Kau Beach","18/06/2014","441"
"Hoi Mei Wan Beach","18/06/2014","280"
"Lower Cheung Sha Beach","18/06/2014","35"
"Upper Cheung Sha Beach","18/06/2014","34"
"Hung Shing Yeh Beach","19/06/2014","8"
"Discovery Bay","19/06/2014","40"
"Lo So Shing Beach","19/06/2014","9"
"Tai Po Lung Mei Beach","20/06/2014","247"
"Kwun Yam Beach","23/06/2014","80"
"Trio Beach ","23/06/2014","170"
"Hap Mun Bay Beach","23/06/2014","49"
"Clear Water Bay First Beach","23/06/2014","1100"
"Silverstrand Beach","23/06/2014","340"
"Kiu Tsui Beach","23/06/2014","40"
"Cheung Chau Tung Wan Beach ","23/06/2014","48"
"Kiu Tsui (New)","23/06/2014","308"
"Clear Water Bay Second Beach","23/06/2014","130"
"South Bay Beach","24/06/2014","5"
"Butterfly Beach","24/06/2014","410"
"Golden Beach","24/06/2014","210"
"Cafeteria Old Beach","24/06/2014","750"
"Chung Hom Kok Beach","24/06/2014","2700"
"Anglers' Beach ","24/06/2014","3879"
"St. Stephen's Beach","24/06/2014","9"
"Deep Water Bay Beach","24/06/2014","82"
"Approach Beach","24/06/2014","259"
"Lido Beach","24/06/2014","230"
"Gemini Beaches","24/06/2014","1200"
"Cafeteria New Beach","24/06/2014","170"
"Kadoorie Beach","24/06/2014","1400"
"Repulse Bay Beach","24/06/2014","6"
"Ma Wan Tung Wan Beach","24/06/2014","240"
"Ting Kau Beach","24/06/2014","289"
"Casam Beach","24/06/2014","110"
"Shek O Beach","25/06/2014","324"
"Hairpin Beach","25/06/2014","250"
"Hoi Mei Wan Beach","25/06/2014","170"
"Anglers' Beach ","25/06/2014","99"
"Big Wave Bay Beach","25/06/2014","80"
"Castle Peak Beach","25/06/2014","610"
"Middle Bay Beach","25/06/2014","37"
"Rocky Bay Beach","25/06/2014","150"
"Turtle Cove Beach","25/06/2014","160"
"Stanley Main Beach","25/06/2014","7"
"Chung Hom Kok Beach","25/06/2014","14"
"Hung Shing Yeh Beach","26/06/2014","49"
"Lo So Shing Beach","26/06/2014","7"
"Tai Po Lung Mei Beach","27/06/2014","453"
"South Bay Beach","28/06/2014","2"
"Deep Water Bay Beach","28/06/2014","49"
"Cheung Chau Tung Wan Beach ","28/06/2014","6"
"Chung Hom Kok Beach","28/06/2014","14"
"Kwun Yam Beach","28/06/2014","15"
"Middle Bay Beach","28/06/2014","7"
"St. Stephen's Beach","28/06/2014","3"
"Repulse Bay Beach","28/06/2014","5"
"Lower Cheung Sha Beach","29/06/2014","96"
"Tong Fuk Beach","29/06/2014","7"
"Silver Mine Bay Beach","29/06/2014","66"
"Upper Cheung Sha Beach","29/06/2014","6"
"Pui O Beach","29/06/2014","580"
"Discovery Bay","29/06/2014","68"
"Trio Beach ","02/07/2014","10"
"Gemini Beaches","02/07/2014","80"
"Approach Beach","02/07/2014","56"
"Lido Beach","02/07/2014","14"
"Hoi Mei Wan Beach","02/07/2014","110"
"Anglers' Beach ","02/07/2014","254"
"Cafeteria New Beach","02/07/2014","27"
"Kadoorie Beach","02/07/2014","90"
"Castle Peak Beach","02/07/2014","90"
"Hap Mun Bay Beach","02/07/2014","9"
"Kiu Tsui (New)","02/07/2014","4"
"Ting Kau Beach","02/07/2014","252"
"Ma Wan Tung Wan Beach","02/07/2014","100"
"Butterfly Beach","02/07/2014","490"
"Clear Water Bay Second Beach","02/07/2014","310"
"Silverstrand Beach","02/07/2014","14"
"Casam Beach","02/07/2014","78"
"Clear Water Bay First Beach","02/07/2014","10"
"Cafeteria Old Beach","02/07/2014","1200"
"Golden Beach","02/07/2014","50"
"Kiu Tsui Beach","02/07/2014","1"
"Turtle Cove Beach","03/07/2014","21"
"Big Wave Bay Beach","03/07/2014","12"
"Lo So Shing Beach","03/07/2014","10"
"Stanley Main Beach","03/07/2014","4"
"Hung Shing Yeh Beach","03/07/2014","85"
"Hairpin Beach","03/07/2014","63"
"Shek O Beach","03/07/2014","23"
"Rocky Bay Beach","03/07/2014","290"
"Tai Po Lung Mei Beach","04/07/2014","9"
"Deep Water Bay Beach","07/07/2014","577"
"Chung Hom Kok Beach","07/07/2014","7"
"Hairpin Beach","07/07/2014","360"
"South Bay Beach","07/07/2014","1"
"Repulse Bay Beach","07/07/2014","320"
"Cheung Chau Tung Wan Beach ","07/07/2014","5"
"St. Stephen's Beach","07/07/2014","1"
"Stanley Main Beach","07/07/2014","1"
"Rocky Bay Beach","07/07/2014","52"
"Kwun Yam Beach","07/07/2014","490"
"Middle Bay Beach","07/07/2014","6"
"Shek O Beach","07/07/2014","6"
"Turtle Cove Beach","07/07/2014","11"
"Big Wave Bay Beach","07/07/2014","21"
"Ma Wan Tung Wan Beach","08/07/2014","27"
"Clear Water Bay Second Beach","08/07/2014","9"
"Clear Water Bay First Beach","08/07/2014","80"
"Golden Beach","08/07/2014","130"
"Butterfly Beach","08/07/2014","120"
"Trio Beach ","08/07/2014","50"
"Castle Peak Beach","08/07/2014","220"
"Cafeteria Old Beach","08/07/2014","52"
"Cafeteria New Beach","08/07/2014","200"
"Silverstrand Beach","08/07/2014","47"
"Kiu Tsui Beach","08/07/2014","3"
"Kiu Tsui (New)","08/07/2014","11"
"Hap Mun Bay Beach","08/07/2014","5"
"Kadoorie Beach","08/07/2014","140"
"Lower Cheung Sha Beach","09/07/2014","200"
"Pui O Beach","09/07/2014","134"
"Anglers' Beach ","09/07/2014","160"
"Lido Beach","09/07/2014","41"
"Hung Shing Yeh Beach","09/07/2014","230"
"Casam Beach","09/07/2014","80"
"Ting Kau Beach","09/07/2014","189"
"Upper Cheung Sha Beach","09/07/2014","2"
"Silver Mine Bay Beach","09/07/2014","900"
"Approach Beach","09/07/2014","130"
"Gemini Beaches","09/07/2014","400"
"Tong Fuk Beach","09/07/2014","6"
"Hoi Mei Wan Beach","09/07/2014","48"
"Lo So Shing Beach","10/07/2014","460"
"Discovery Bay","10/07/2014","150"
"Tai Po Lung Mei Beach","11/07/2014","1924"
"Hap Mun Bay Beach","12/07/2014","64"
"Trio Beach ","12/07/2014","3"
"Clear Water Bay First Beach","12/07/2014","90"
"Kiu Tsui (New)","12/07/2014","437"
"Kiu Tsui Beach","12/07/2014","6"
"Clear Water Bay Second Beach","12/07/2014","25"
"Silverstrand Beach","12/07/2014","14"
"Butterfly Beach","13/07/2014","170"
"Castle Peak Beach","13/07/2014","460"
"Ma Wan Tung Wan Beach","13/07/2014","27"
"Kwun Yam Beach","13/07/2014","9"
"Cheung Chau Tung Wan Beach ","13/07/2014","93"
"Kadoorie Beach","13/07/2014","180"
"Cafeteria Old Beach","13/07/2014","400"
"Cafeteria New Beach","13/07/2014","170"
"Gemini Beaches","14/07/2014","58"
"Approach Beach","14/07/2014","190"
"Golden Beach","14/07/2014","23"
"Hoi Mei Wan Beach","14/07/2014","150"
"Lido Beach","14/07/2014","120"
"Ting Kau Beach","14/07/2014","136"
"Casam Beach","14/07/2014","200"
"Anglers' Beach ","14/07/2014","235"
"Tong Fuk Beach","15/07/2014","6"
"St. Stephen's Beach","15/07/2014","10"
"Repulse Bay Beach","15/07/2014","2"
"Pui O Beach","15/07/2014","257"
"Chung Hom Kok Beach","15/07/2014","2"
"Deep Water Bay Beach","15/07/2014","29"
"Upper Cheung Sha Beach","15/07/2014","8"
"Silver Mine Bay Beach","15/07/2014","36"
"Lower Cheung Sha Beach","15/07/2014","19"
"South Bay Beach","15/07/2014","1"
"Middle Bay Beach","15/07/2014","91"
"Hairpin Beach","16/07/2014","24"
"Rocky Bay Beach","16/07/2014","27"
"Stanley Main Beach","16/07/2014","19"
"Big Wave Bay Beach","16/07/2014","5"
"Turtle Cove Beach","16/07/2014","1"
"Hung Shing Yeh Beach","16/07/2014","16"
"Lo So Shing Beach","16/07/2014","3"
"Shek O Beach","16/07/2014","3"
"Tai Po Lung Mei Beach","17/07/2014","102"
"Discovery Bay","17/07/2014","2"
"Hoi Mei Wan Beach","21/07/2014","17"
"Rocky Bay Beach","21/07/2014","6"
"Shek O Beach","21/07/2014","3"
"Hairpin Beach","21/07/2014","2"
"Approach Beach","21/07/2014","29"
"Middle Bay Beach","21/07/2014","25"
"Repulse Bay Beach","21/07/2014","1"
"South Bay Beach","21/07/2014","1"
"St. Stephen's Beach","21/07/2014","100"
"Chung Hom Kok Beach","21/07/2014","1"
"Deep Water Bay Beach","21/07/2014","6"
"Big Wave Bay Beach","21/07/2014","58"
"Turtle Cove Beach","21/07/2014","9"
"Stanley Main Beach","21/07/2014","1"
"Ting Kau Beach","21/07/2014","24"
"Lido Beach","21/07/2014","24"
"Casam Beach","21/07/2014","32"
"Gemini Beaches","21/07/2014","110"
"Anglers' Beach ","21/07/2014","90"
"Kwun Yam Beach","22/07/2014","1"
"Silver Mine Bay Beach","22/07/2014","34"
"Golden Beach","22/07/2014","10"
"Tong Fuk Beach","22/07/2014","8"
"Kadoorie Beach","22/07/2014","40"
"Castle Peak Beach","22/07/2014","670"
"Cafeteria New Beach","22/07/2014","7"
"Cafeteria Old Beach","22/07/2014","27"
"Cheung Chau Tung Wan Beach ","22/07/2014","7"
"Lower Cheung Sha Beach","22/07/2014","140"
"Pui O Beach","22/07/2014","137"
"Upper Cheung Sha Beach","22/07/2014","8"
"Ma Wan Tung Wan Beach","22/07/2014","5"
"Butterfly Beach","22/07/2014","14"
"Kiu Tsui Beach","23/07/2014","7"
"Lo So Shing Beach","23/07/2014","36"
"Kiu Tsui (New)","23/07/2014","100"
"Clear Water Bay Second Beach","23/07/2014","5"
"Trio Beach ","23/07/2014","4"
"Silverstrand Beach","23/07/2014","23"
"Clear Water Bay First Beach","23/07/2014","200"
"Hap Mun Bay Beach","23/07/2014","6"
"Hung Shing Yeh Beach","24/07/2014","6"
"Casam Beach","24/07/2014","70"
"Anglers' Beach ","24/07/2014","90"
"Ting Kau Beach","24/07/2014","109"
"Gemini Beaches","24/07/2014","18"
"Discovery Bay","24/07/2014","140"
"Approach Beach","24/07/2014","52"
"Lido Beach","24/07/2014","57"
"Hoi Mei Wan Beach","24/07/2014","63"
"Tai Po Lung Mei Beach","25/07/2014","190"
"Lido Beach","28/07/2014","35"
"Gemini Beaches","28/07/2014","23"
"Lower Cheung Sha Beach","28/07/2014","14"
"Pui O Beach","28/07/2014","195"
"South Bay Beach","28/07/2014","2"
"St. Stephen's Beach","28/07/2014","1"
"Chung Hom Kok Beach","28/07/2014","7"
"Silver Mine Bay Beach","28/07/2014","30"
"Hoi Mei Wan Beach","28/07/2014","79"
"Anglers' Beach ","28/07/2014","197"
"Upper Cheung Sha Beach","28/07/2014","4"
"Repulse Bay Beach","28/07/2014","2"
"Middle Bay Beach","28/07/2014","45"
"Deep Water Bay Beach","28/07/2014","19"
"Approach Beach","28/07/2014","95"
"Ting Kau Beach","28/07/2014","65"
"Casam Beach","28/07/2014","17"
"Tong Fuk Beach","28/07/2014","7"
"Ma Wan Tung Wan Beach","29/07/2014","16"
"Stanley Main Beach","29/07/2014","34"
"Kadoorie Beach","29/07/2014","7"
"Castle Peak Beach","29/07/2014","80"
"Butterfly Beach","29/07/2014","170"
"Cheung Chau Tung Wan Beach ","29/07/2014","6"
"Rocky Bay Beach","29/07/2014","1"
"Hairpin Beach","29/07/2014","22"
"Cafeteria New Beach","29/07/2014","39"
"Cafeteria Old Beach","29/07/2014","90"
"Kwun Yam Beach","29/07/2014","6"
"Big Wave Bay Beach","29/07/2014","100"
"Shek O Beach","29/07/2014","4"
"Turtle Cove Beach","29/07/2014","4"
"Golden Beach","29/07/2014","54"
"Hung Shing Yeh Beach","30/07/2014","2"
"Clear Water Bay First Beach","30/07/2014","17"
"Kiu Tsui Beach","30/07/2014","2"
"Kiu Tsui (New)","30/07/2014","1"
"Silverstrand Beach","30/07/2014","1"
"Clear Water Bay Second Beach","30/07/2014","300"
"Hap Mun Bay Beach","30/07/2014","11"
"Trio Beach ","30/07/2014","2"
"Discovery Bay","31/07/2014","4"
"Lo So Shing Beach","31/07/2014","4"
"Tai Po Lung Mei Beach","01/08/2014","13"
"Casam Beach","01/08/2014","5"
"Anglers' Beach ","01/08/2014","173"
"Gemini Beaches","01/08/2014","120"
"Hoi Mei Wan Beach","01/08/2014","16"
"Approach Beach","01/08/2014","72"
"Lido Beach","01/08/2014","9"
"Ting Kau Beach","01/08/2014","12"
"Turtle Cove Beach","04/08/2014","6"
"Stanley Main Beach","04/08/2014","3"
"Middle Bay Beach","04/08/2014","13"
"Deep Water Bay Beach","04/08/2014","2"
"Repulse Bay Beach","04/08/2014","1"
"Cheung Chau Tung Wan Beach ","04/08/2014","1"
"Hairpin Beach","04/08/2014","1"
"Chung Hom Kok Beach","04/08/2014","2"
"Shek O Beach","04/08/2014","2"
"Kwun Yam Beach","04/08/2014","5"
"St. Stephen's Beach","04/08/2014","7"
"Big Wave Bay Beach","04/08/2014","23"
"Rocky Bay Beach","04/08/2014","5"
"South Bay Beach","04/08/2014","6"
"Hap Mun Bay Beach","05/08/2014","1"
"Kiu Tsui (New)","05/08/2014","15"
"Trio Beach ","05/08/2014","6"
"Clear Water Bay First Beach","05/08/2014","14"
"Upper Cheung Sha Beach","05/08/2014","3"
"Pui O Beach","05/08/2014","14"
"Lower Cheung Sha Beach","05/08/2014","12"
"Silver Mine Bay Beach","05/08/2014","45"
"Kiu Tsui Beach","05/08/2014","7"
"Silverstrand Beach","05/08/2014","19"
"Clear Water Bay Second Beach","05/08/2014","12"
"Tong Fuk Beach","05/08/2014","4"
"Lo So Shing Beach","06/08/2014","15"
"Cafeteria New Beach","06/08/2014","16"
"Butterfly Beach","06/08/2014","34"
"Ma Wan Tung Wan Beach","06/08/2014","16"
"Castle Peak Beach","06/08/2014","60"
"Cafeteria Old Beach","06/08/2014","80"
"Kadoorie Beach","06/08/2014","80"
"Golden Beach","06/08/2014","16"
"Hung Shing Yeh Beach","06/08/2014","5"
"Approach Beach","07/08/2014","40"
"Lido Beach","07/08/2014","19"
"Anglers' Beach ","07/08/2014","32"
"Gemini Beaches","07/08/2014","19"
"Ting Kau Beach","07/08/2014","59"
"Casam Beach","07/08/2014","31"
"Hoi Mei Wan Beach","07/08/2014","6"
"Discovery Bay","07/08/2014","9"
"Tai Po Lung Mei Beach","08/08/2014","35"
"Ma Wan Tung Wan Beach","11/08/2014","70"
"Upper Cheung Sha Beach","11/08/2014","5"
"Tong Fuk Beach","11/08/2014","9"
"Cafeteria Old Beach","11/08/2014","56"
"Pui O Beach","11/08/2014","188"
"Castle Peak Beach","11/08/2014","33"
"Kadoorie Beach","11/08/2014","65"
"Butterfly Beach","11/08/2014","90"
"Hung Shing Yeh Beach","11/08/2014","4"
"Lower Cheung Sha Beach","11/08/2014","550"
"Golden Beach","11/08/2014","16"
"Cafeteria New Beach","11/08/2014","18"
"Silver Mine Bay Beach","11/08/2014","51"
"Clear Water Bay Second Beach","12/08/2014","110"
"Discovery Bay","12/08/2014","4"
"Trio Beach ","12/08/2014","7"
"Kiu Tsui Beach","12/08/2014","6"
"Clear Water Bay First Beach","12/08/2014","24"
"Silverstrand Beach","12/08/2014","20"
"Hap Mun Bay Beach","12/08/2014","4"
"Kiu Tsui (New)","12/08/2014","4"
"Kwun Yam Beach","13/08/2014","64"
"Cheung Chau Tung Wan Beach ","13/08/2014","68"
"Anglers' Beach ","14/08/2014","220"
"Lo So Shing Beach","14/08/2014","6"
"Approach Beach","14/08/2014","339"
"Hoi Mei Wan Beach","14/08/2014","80"
"Ting Kau Beach","14/08/2014","491"
"Lido Beach","14/08/2014","110"
"Casam Beach","14/08/2014","76"
"Gemini Beaches","14/08/2014","220"
"Tai Po Lung Mei Beach","15/08/2014","37"
"Rocky Bay Beach","16/08/2014","11"
"Turtle Cove Beach","16/08/2014","63"
"Stanley Main Beach","16/08/2014","2"
"Middle Bay Beach","16/08/2014","26"
"St. Stephen's Beach","16/08/2014","10"
"Hairpin Beach","16/08/2014","3"
"South Bay Beach","16/08/2014","5"
"Chung Hom Kok Beach","16/08/2014","110"
"Deep Water Bay Beach","16/08/2014","17"
"Big Wave Bay Beach","16/08/2014","160"
"Shek O Beach","16/08/2014","28"
"Repulse Bay Beach","16/08/2014","21"
"Kiu Tsui Beach","17/08/2014","1"
"Kiu Tsui (New)","17/08/2014","17"
"Silverstrand Beach","17/08/2014","3"
"Clear Water Bay First Beach","17/08/2014","11"
"Hap Mun Bay Beach","17/08/2014","3"
"Trio Beach ","17/08/2014","37"
"Clear Water Bay Second Beach","17/08/2014","80"
"Golden Beach","18/08/2014","37"
"Kadoorie Beach","18/08/2014","30"
"Castle Peak Beach","18/08/2014","55"
"Ma Wan Tung Wan Beach","18/08/2014","5"
"Cafeteria Old Beach","18/08/2014","35"
"Butterfly Beach","18/08/2014","16"
"Cafeteria New Beach","18/08/2014","220"
"Gemini Beaches","19/08/2014","40"
"Pui O Beach","19/08/2014","2392"
"Lower Cheung Sha Beach","19/08/2014","62"
"Silver Mine Bay Beach","19/08/2014","60"
"Ting Kau Beach","19/08/2014","25"
"Lido Beach","19/08/2014","24"
"Casam Beach","19/08/2014","71"
"Anglers' Beach ","19/08/2014","110"
"Hoi Mei Wan Beach","19/08/2014","24"
"Tong Fuk Beach","19/08/2014","12"
"Approach Beach","19/08/2014","484"
"Upper Cheung Sha Beach","19/08/2014","4"
"Pui O Beach","20/08/2014","626"
"Cheung Chau Tung Wan Beach ","20/08/2014","80"
"Kwun Yam Beach","20/08/2014","42"
"Hung Shing Yeh Beach","21/08/2014","6"
"Lo So Shing Beach","21/08/2014","2"
"Discovery Bay","21/08/2014","12"
"Tai Po Lung Mei Beach","22/08/2014","68"
"Big Wave Bay Beach","25/08/2014","220"
"Shek O Beach","25/08/2014","18"
"Stanley Main Beach","25/08/2014","15"
"Hung Shing Yeh Beach","25/08/2014","6"
"Tong Fuk Beach","25/08/2014","2"
"Upper Cheung Sha Beach","25/08/2014","33"
"Pui O Beach","25/08/2014","144"
"Silver Mine Bay Beach","25/08/2014","44"
"Rocky Bay Beach","25/08/2014","21"
"Turtle Cove Beach","25/08/2014","3"
"Hairpin Beach","25/08/2014","34"
"Lower Cheung Sha Beach","25/08/2014","120"
"Gemini Beaches","26/08/2014","43"
"Silverstrand Beach","26/08/2014","10"
"Ma Wan Tung Wan Beach","26/08/2014","2"
"Butterfly Beach","26/08/2014","140"
"Cafeteria Old Beach","26/08/2014","610"
"Castle Peak Beach","26/08/2014","100"
"Kadoorie Beach","26/08/2014","110"
"Approach Beach","26/08/2014","70"
"Hoi Mei Wan Beach","26/08/2014","28"
"Ting Kau Beach","26/08/2014","22"
"Hap Mun Bay Beach","26/08/2014","21"
"Kiu Tsui (New)","26/08/2014","21"
"Trio Beach ","26/08/2014","8"
"Clear Water Bay First Beach","26/08/2014","25"
"Clear Water Bay Second Beach","26/08/2014","120"
"Cafeteria New Beach","26/08/2014","270"
"Casam Beach","26/08/2014","44"
"Golden Beach","26/08/2014","130"
"Anglers' Beach ","26/08/2014","37"
"Lido Beach","26/08/2014","25"
"Kiu Tsui Beach","26/08/2014","1200"
"St. Stephen's Beach","27/08/2014","22"
"Repulse Bay Beach","27/08/2014","20"
"Middle Bay Beach","27/08/2014","51"
"Deep Water Bay Beach","27/08/2014","39"
"Chung Hom Kok Beach","27/08/2014","45"
"Kwun Yam Beach","27/08/2014","13"
"Cheung Chau Tung Wan Beach ","27/08/2014","480"
"South Bay Beach","27/08/2014","17"
"Lo So Shing Beach","28/08/2014","1"
"Discovery Bay","28/08/2014","7"
"Tai Po Lung Mei Beach","29/08/2014","22"
"Hung Shing Yeh Beach","01/09/2014","2"
"Kiu Tsui Beach","01/09/2014","1"
"Trio Beach ","01/09/2014","35"
"Clear Water Bay First Beach","01/09/2014","7"
"Clear Water Bay Second Beach","01/09/2014","1"
"Hap Mun Bay Beach","01/09/2014","1"
"Kiu Tsui (New)","01/09/2014","2"
"Silverstrand Beach","01/09/2014","7"
"St. Stephen's Beach","02/09/2014","1"
"Pui O Beach","02/09/2014","6"
"Tong Fuk Beach","02/09/2014","2"
"Lower Cheung Sha Beach","02/09/2014","4"
"Silver Mine Bay Beach","02/09/2014","45"
"Repulse Bay Beach","02/09/2014","1"
"South Bay Beach","02/09/2014","1"
"Chung Hom Kok Beach","02/09/2014","9"
"Big Wave Bay Beach","02/09/2014","80"
"Rocky Bay Beach","02/09/2014","1"
"Shek O Beach","02/09/2014","3"
"Turtle Cove Beach","02/09/2014","25"
"Hairpin Beach","02/09/2014","1"
"Stanley Main Beach","02/09/2014","3"
"Deep Water Bay Beach","02/09/2014","167"
"Middle Bay Beach","02/09/2014","1"
"Upper Cheung Sha Beach","02/09/2014","2"
"Ting Kau Beach","03/09/2014","6"
"Butterfly Beach","03/09/2014","16"
"Hoi Mei Wan Beach","03/09/2014","1"
"Kadoorie Beach","03/09/2014","18"
"Kwun Yam Beach","03/09/2014","5"
"Ma Wan Tung Wan Beach","03/09/2014","2"
"Approach Beach","03/09/2014","7"
"Lido Beach","03/09/2014","3"
"Gemini Beaches","03/09/2014","20"
"Anglers' Beach ","03/09/2014","7"
"Cafeteria New Beach","03/09/2014","4"
"Cheung Chau Tung Wan Beach ","03/09/2014","1"
"Golden Beach","03/09/2014","640"
"Cafeteria Old Beach","03/09/2014","16"
"Castle Peak Beach","03/09/2014","24"
"Casam Beach","03/09/2014","6"
"Lo So Shing Beach","04/09/2014","1"
"Discovery Bay","04/09/2014","2"
"Tai Po Lung Mei Beach","05/09/2014","69"
"Upper Cheung Sha Beach","06/09/2014","1"
"Hung Shing Yeh Beach","06/09/2014","1"
"Pui O Beach","06/09/2014","199"
"Lower Cheung Sha Beach","06/09/2014","290"
"Silver Mine Bay Beach","06/09/2014","31"
"Tong Fuk Beach","06/09/2014","9"
"Hairpin Beach","07/09/2014","130"
"Turtle Cove Beach","07/09/2014","1"
"Big Wave Bay Beach","07/09/2014","98"
"Kwun Yam Beach","07/09/2014","2"
"Rocky Bay Beach","07/09/2014","25"
"Shek O Beach","07/09/2014","980"
"Stanley Main Beach","07/09/2014","371"
"Cheung Chau Tung Wan Beach ","07/09/2014","430"
"Hap Mun Bay Beach","10/09/2014","1"
"Golden Beach","10/09/2014","48"
"Trio Beach ","10/09/2014","10"
"Clear Water Bay Second Beach","10/09/2014","1"
"Lido Beach","10/09/2014","120"
"Hoi Mei Wan Beach","10/09/2014","63"
"Approach Beach","10/09/2014","34"
"Casam Beach","10/09/2014","210"
"Kadoorie Beach","10/09/2014","36"
"Kiu Tsui Beach","10/09/2014","14"
"Clear Water Bay First Beach","10/09/2014","15"
"Silverstrand Beach","10/09/2014","5"
"Ma Wan Tung Wan Beach","10/09/2014","100"
"Ting Kau Beach","10/09/2014","58"
"Gemini Beaches","10/09/2014","330"
"Anglers' Beach ","10/09/2014","420"
"Cafeteria New Beach","10/09/2014","130"
"Cafeteria Old Beach","10/09/2014","36"
"Butterfly Beach","10/09/2014","71"
"Castle Peak Beach","10/09/2014","80"
"Kiu Tsui (New)","10/09/2014","1"
"Lo So Shing Beach","11/09/2014","1"
"Discovery Bay","11/09/2014","2"
"Repulse Bay Beach","11/09/2014","35"
"Deep Water Bay Beach","11/09/2014","1"
"Chung Hom Kok Beach","11/09/2014","5"
"Middle Bay Beach","11/09/2014","2"
"St. Stephen's Beach","11/09/2014","1"
"South Bay Beach","11/09/2014","1"
"Tai Po Lung Mei Beach","12/09/2014","36"
"Repulse Bay Beach","15/09/2014","1"
"Rocky Bay Beach","15/09/2014","5"
"Turtle Cove Beach","15/09/2014","1"
"Cafeteria Old Beach","15/09/2014","23"
"Ma Wan Tung Wan Beach","15/09/2014","4"
"Golden Beach","15/09/2014","13"
"Hung Shing Yeh Beach","15/09/2014","1"
"Big Wave Bay Beach","15/09/2014","57"
"Chung Hom Kok Beach","15/09/2014","1"
"Hairpin Beach","15/09/2014","1"
"Middle Bay Beach","15/09/2014","1"
"Shek O Beach","15/09/2014","2"
"South Bay Beach","15/09/2014","1"
"St. Stephen's Beach","15/09/2014","1"
"Stanley Main Beach","15/09/2014","5"
"Deep Water Bay Beach","15/09/2014","1"
"Butterfly Beach","15/09/2014","59"
"Cafeteria New Beach","15/09/2014","27"
"Castle Peak Beach","15/09/2014","12"
"Kadoorie Beach","15/09/2014","6"
"Clear Water Bay Second Beach","17/09/2014","320"
"Ting Kau Beach","17/09/2014","261"
"Tong Fuk Beach","17/09/2014","20"
"Casam Beach","17/09/2014","71"
"Lido Beach","17/09/2014","40"
"Lower Cheung Sha Beach","17/09/2014","25"
"Silverstrand Beach","17/09/2014","47"
"Upper Cheung Sha Beach","17/09/2014","15"
"Clear Water Bay First Beach","17/09/2014","28"
"Hap Mun Bay Beach","17/09/2014","2"
"Kiu Tsui (New)","17/09/2014","13"
"Trio Beach ","17/09/2014","2"
"Anglers' Beach ","17/09/2014","21"
"Approach Beach","17/09/2014","108"
"Silver Mine Bay Beach","17/09/2014","470"
"Kiu Tsui Beach","17/09/2014","4"
"Gemini Beaches","17/09/2014","30"
"Hoi Mei Wan Beach","17/09/2014","140"
"Pui O Beach","17/09/2014","35"
"Kwun Yam Beach","18/09/2014","1"
"Discovery Bay","18/09/2014","1"
"Cheung Chau Tung Wan Beach ","18/09/2014","1"
"Lo So Shing Beach","18/09/2014","230"
"Tai Po Lung Mei Beach","19/09/2014","2"
"Silver Mine Bay Beach","22/09/2014","30"
"Hung Shing Yeh Beach","22/09/2014","4"
"Golden Beach","22/09/2014","9"
"Cafeteria New Beach","22/09/2014","5"
"Kadoorie Beach","22/09/2014","13"
"Tong Fuk Beach","22/09/2014","1"
"Butterfly Beach","22/09/2014","18"
"Upper Cheung Sha Beach","22/09/2014","1"
"Pui O Beach","22/09/2014","61"
"Ma Wan Tung Wan Beach","22/09/2014","6"
"Cafeteria Old Beach","22/09/2014","29"
"Castle Peak Beach","22/09/2014","24"
"Lower Cheung Sha Beach","22/09/2014","2"
"South Bay Beach","23/09/2014","1"
"Gemini Beaches","23/09/2014","80"
"Hoi Mei Wan Beach","23/09/2014","34"
"Stanley Main Beach","23/09/2014","2"
"Middle Bay Beach","23/09/2014","12"
"Big Wave Bay Beach","23/09/2014","28"
"Anglers' Beach ","23/09/2014","73"
"Chung Hom Kok Beach","23/09/2014","1"
"Turtle Cove Beach","23/09/2014","1"
"Hairpin Beach","23/09/2014","9"
"Rocky Bay Beach","23/09/2014","2"
"Shek O Beach","23/09/2014","5"
"Repulse Bay Beach","23/09/2014","71"
"St. Stephen's Beach","23/09/2014","1"
"Deep Water Bay Beach","23/09/2014","10"
"Approach Beach","23/09/2014","200"
"Lido Beach","23/09/2014","13"
"Casam Beach","23/09/2014","7"
"Ting Kau Beach","23/09/2014","32"
"Cheung Chau Tung Wan Beach ","24/09/2014","2"
"Kiu Tsui Beach","24/09/2014","6"
"Silverstrand Beach","24/09/2014","1"
"Clear Water Bay Second Beach","24/09/2014","2"
"Trio Beach ","24/09/2014","2"
"Kwun Yam Beach","24/09/2014","1"
"Clear Water Bay First Beach","24/09/2014","1"
"Hap Mun Bay Beach","24/09/2014","1"
"Kiu Tsui (New)","24/09/2014","1"
"Discovery Bay","25/09/2014","6"
"Lo So Shing Beach","25/09/2014","1"
"Tai Po Lung Mei Beach","26/09/2014","82"
"Silver Mine Bay Beach","27/09/2014","10"
"Hoi Mei Wan Beach","27/09/2014","78"
"Tong Fuk Beach","27/09/2014","1"
"Lower Cheung Sha Beach","27/09/2014","2"
"Approach Beach","27/09/2014","39"
"Pui O Beach","27/09/2014","8"
"Lido Beach","27/09/2014","21"
"Casam Beach","27/09/2014","20"
"Gemini Beaches","27/09/2014","80"
"Anglers' Beach ","27/09/2014","173"
"Upper Cheung Sha Beach","27/09/2014","1"
"Ting Kau Beach","27/09/2014","33"
"Hung Shing Yeh Beach","28/09/2014","1"
"Castle Peak Beach","28/09/2014","17"
"Butterfly Beach","28/09/2014","5"
"Kadoorie Beach","28/09/2014","4"
"Cafeteria New Beach","28/09/2014","30"
"Golden Beach","28/09/2014","15"
"Cafeteria Old Beach","28/09/2014","16"
"Ma Wan Tung Wan Beach","28/09/2014","81"
"Kiu Tsui (New)","29/09/2014","1"
"Kiu Tsui Beach","29/09/2014","1"
"Kwun Yam Beach","29/09/2014","1"
"Big Wave Bay Beach","29/09/2014","5"
"Deep Water Bay Beach","29/09/2014","1"
"Shek O Beach","29/09/2014","1"
"St. Stephen's Beach","29/09/2014","1"
"Turtle Cove Beach","29/09/2014","1"
"Clear Water Bay Second Beach","29/09/2014","1"
"Silverstrand Beach","29/09/2014","1"
"Trio Beach ","29/09/2014","6"
"Hairpin Beach","29/09/2014","1"
"South Bay Beach","29/09/2014","3"
"Clear Water Bay First Beach","29/09/2014","1"
"Middle Bay Beach","29/09/2014","1"
"Repulse Bay Beach","29/09/2014","1"
"Hap Mun Bay Beach","29/09/2014","1"
"Cheung Chau Tung Wan Beach ","29/09/2014","1"
"Chung Hom Kok Beach","29/09/2014","31"
"Stanley Main Beach","29/09/2014","6"
"Rocky Bay Beach","29/09/2014","1"
"Tai Po Lung Mei Beach","03/10/2014","13"
"Discovery Bay","03/10/2014","2"
"Turtle Cove Beach","06/10/2014","7"
"Kwun Yam Beach","06/10/2014","45"
"Big Wave Bay Beach","06/10/2014","37"
"Deep Water Bay Beach","06/10/2014","27"
"Middle Bay Beach","06/10/2014","38"
"Shek O Beach","06/10/2014","97"
"St. Stephen's Beach","06/10/2014","1"
"Cheung Chau Tung Wan Beach ","06/10/2014","90"
"Chung Hom Kok Beach","06/10/2014","8"
"Hairpin Beach","06/10/2014","41"
"Repulse Bay Beach","06/10/2014","19"
"Rocky Bay Beach","06/10/2014","180"
"South Bay Beach","06/10/2014","1"
"Stanley Main Beach","06/10/2014","47"
"Anglers' Beach ","07/10/2014","120"
"Kadoorie Beach","07/10/2014","31"
"Ting Kau Beach","07/10/2014","82"
"Gemini Beaches","07/10/2014","95"
"Casam Beach","07/10/2014","90"
"Hoi Mei Wan Beach","07/10/2014","140"
"Ma Wan Tung Wan Beach","07/10/2014","80"
"Butterfly Beach","07/10/2014","3"
"Cafeteria New Beach","07/10/2014","3"
"Golden Beach","07/10/2014","20"
"Lo So Shing Beach","07/10/2014","2"
"Approach Beach","07/10/2014","183"
"Cafeteria Old Beach","07/10/2014","44"
"Castle Peak Beach","07/10/2014","26"
"Lido Beach","07/10/2014","80"
"Silver Mine Bay Beach","08/10/2014","22"
"Upper Cheung Sha Beach","08/10/2014","2"
"Clear Water Bay Second Beach","08/10/2014","4"
"Kiu Tsui (New)","08/10/2014","7"
"Lower Cheung Sha Beach","08/10/2014","30"
"Kiu Tsui Beach","08/10/2014","15"
"Tong Fuk Beach","08/10/2014","4"
"Clear Water Bay First Beach","08/10/2014","2"
"Hap Mun Bay Beach","08/10/2014","1"
"Silverstrand Beach","08/10/2014","33"
"Trio Beach ","08/10/2014","1"
"Pui O Beach","08/10/2014","118"
"Discovery Bay","09/10/2014","7"
"Hung Shing Yeh Beach","09/10/2014","1"
"Tai Po Lung Mei Beach","10/10/2014","13"
"Kwun Yam Beach","13/10/2014","3"
"Middle Bay Beach","13/10/2014","26"
"South Bay Beach","13/10/2014","3"
"Chung Hom Kok Beach","13/10/2014","2"
"Repulse Bay Beach","13/10/2014","1"
"Cheung Chau Tung Wan Beach ","13/10/2014","3"
"Lo So Shing Beach","13/10/2014","1"
"St. Stephen's Beach","13/10/2014","3"
"Deep Water Bay Beach","13/10/2014","4"
"Golden Beach","14/10/2014","6"
"Turtle Cove Beach","14/10/2014","1"
"Rocky Bay Beach","14/10/2014","1"
"Stanley Main Beach","14/10/2014","1"
"Ma Wan Tung Wan Beach","14/10/2014","1"
"Approach Beach","14/10/2014","14"
"Lido Beach","14/10/2014","1"
"Hoi Mei Wan Beach","14/10/2014","1"
"Gemini Beaches","14/10/2014","18"
"Cafeteria Old Beach","14/10/2014","8"
"Kadoorie Beach","14/10/2014","7"
"Castle Peak Beach","14/10/2014","21"
"Big Wave Bay Beach","14/10/2014","1"
"Shek O Beach","14/10/2014","2"
"Casam Beach","14/10/2014","1"
"Hairpin Beach","14/10/2014","1"
"Ting Kau Beach","14/10/2014","18"
"Anglers' Beach ","14/10/2014","12"
"Butterfly Beach","14/10/2014","8"
"Cafeteria New Beach","14/10/2014","5"
"Pui O Beach","15/10/2014","44"
"Tong Fuk Beach","15/10/2014","1"
"Kiu Tsui (New)","15/10/2014","1"
"Silverstrand Beach","15/10/2014","7"
"Lower Cheung Sha Beach","15/10/2014","5"
"Hap Mun Bay Beach","15/10/2014","1"
"Silver Mine Bay Beach","15/10/2014","21"
"Upper Cheung Sha Beach","15/10/2014","1"
"Clear Water Bay First Beach","15/10/2014","5"
"Clear Water Bay Second Beach","15/10/2014","7"
"Kiu Tsui Beach","15/10/2014","3"
"Trio Beach ","15/10/2014","1"
"Discovery Bay","16/10/2014","13"
"Hung Shing Yeh Beach","16/10/2014","1"
"Tai Po Lung Mei Beach","17/10/2014","45"
"Repulse Bay Beach","20/10/2014","1"
"South Bay Beach","20/10/2014","3"
"Deep Water Bay Beach","20/10/2014","4"
"Upper Cheung Sha Beach","20/10/2014","1"
"Middle Bay Beach","20/10/2014","1"
"Pui O Beach","20/10/2014","1"
"Chung Hom Kok Beach","20/10/2014","1"
"Tong Fuk Beach","20/10/2014","1"
"Lower Cheung Sha Beach","20/10/2014","1"
"Silver Mine Bay Beach","20/10/2014","220"
"Lo So Shing Beach","20/10/2014","1"
"St. Stephen's Beach","20/10/2014","1"
"Stanley Main Beach","21/10/2014","3"
"Casam Beach","21/10/2014","10"
"Lido Beach","21/10/2014","12"
"Hoi Mei Wan Beach","21/10/2014","10"
"Gemini Beaches","21/10/2014","18"
"Rocky Bay Beach","21/10/2014","1"
"Shek O Beach","21/10/2014","1"
"Hairpin Beach","21/10/2014","3"
"Castle Peak Beach","21/10/2014","6"
"Anglers' Beach ","21/10/2014","35"
"Big Wave Bay Beach","21/10/2014","100"
"Turtle Cove Beach","21/10/2014","1"
"Golden Beach","21/10/2014","2"
"Cafeteria Old Beach","21/10/2014","2"
"Kadoorie Beach","21/10/2014","1"
"Butterfly Beach","21/10/2014","28"
"Ma Wan Tung Wan Beach","21/10/2014","7"
"Approach Beach","21/10/2014","401"
"Ting Kau Beach","21/10/2014","13"
"Cafeteria New Beach","21/10/2014","1"
"Clear Water Bay Second Beach","22/10/2014","1"
"Kiu Tsui (New)","22/10/2014","110"
"Clear Water Bay First Beach","22/10/2014","1"
"Kwun Yam Beach","22/10/2014","2"
"Cheung Chau Tung Wan Beach ","22/10/2014","1"
"Hap Mun Bay Beach","22/10/2014","1"
"Kiu Tsui Beach","22/10/2014","1"
"Trio Beach ","22/10/2014","1"
"Silverstrand Beach","22/10/2014","8"
"Hung Shing Yeh Beach","23/10/2014","1"
"Discovery Bay","23/10/2014","24"
"Tai Po Lung Mei Beach","24/10/2014","38"
"Stanley Main Beach","27/10/2014","1"
"Lo So Shing Beach","27/10/2014","1"
"Cheung Chau Tung Wan Beach ","27/10/2014","35"
"Shek O Beach","27/10/2014","8"
"Turtle Cove Beach","27/10/2014","1"
"Big Wave Bay Beach","27/10/2014","14"
"Hairpin Beach","27/10/2014","1"
"Rocky Bay Beach","27/10/2014","4"
"Kwun Yam Beach","27/10/2014","1"
"Middle Bay Beach","28/10/2014","33"
"Chung Hom Kok Beach","28/10/2014","1"
"Approach Beach","28/10/2014","203"
"Hoi Mei Wan Beach","28/10/2014","4"
"Anglers' Beach ","28/10/2014","35"
"Golden Beach","28/10/2014","13"
"St. Stephen's Beach","28/10/2014","1"
"Cafeteria New Beach","28/10/2014","21"
"Kadoorie Beach","28/10/2014","12"
"Butterfly Beach","28/10/2014","5"
"Repulse Bay Beach","28/10/2014","16"
"South Bay Beach","28/10/2014","4"
"Ma Wan Tung Wan Beach","28/10/2014","1"
"Ting Kau Beach","28/10/2014","12"
"Lido Beach","28/10/2014","10"
"Casam Beach","28/10/2014","5"
"Gemini Beaches","28/10/2014","110"
"Cafeteria Old Beach","28/10/2014","980"
"Castle Peak Beach","28/10/2014","120"
"Deep Water Bay Beach","28/10/2014","7"
"Hap Mun Bay Beach","29/10/2014","1"
"Silverstrand Beach","29/10/2014","23"
"Clear Water Bay Second Beach","29/10/2014","4"
"Lower Cheung Sha Beach","29/10/2014","4"
"Silver Mine Bay Beach","29/10/2014","340"
"Clear Water Bay First Beach","29/10/2014","5"
"Tong Fuk Beach","29/10/2014","3"
"Upper Cheung Sha Beach","29/10/2014","2"
"Pui O Beach","29/10/2014","29"
"Kiu Tsui Beach","29/10/2014","11"
"Trio Beach ","29/10/2014","5"
"Kiu Tsui (New)","29/10/2014","1"
"Tai Po Lung Mei Beach","30/10/2014","355"
"Discovery Bay","30/10/2014","1"
"Hung Shing Yeh Beach","30/10/2014","1"
"Deep Water Bay Beach","03/11/2014","48"
"Middle Bay Beach","03/11/2014","10"
"Repulse Bay Beach","03/11/2014","1"
"Stanley Main Beach","03/11/2014","7"
"Big Wave Bay Beach","03/11/2014","2"
"Hoi Mei Wan Beach","04/11/2014","72"
"Casam Beach","04/11/2014","27"
"Ting Kau Beach","04/11/2014","67"
"Butterfly Beach","04/11/2014","9"
"Cafeteria Old Beach","04/11/2014","7"
"Golden Beach","04/11/2014","14"
"Castle Peak Beach","04/11/2014","130"
"Kadoorie Beach","04/11/2014","18"
"Cafeteria New Beach","04/11/2014","15"
"Anglers' Beach ","04/11/2014","61"
"Gemini Beaches","04/11/2014","44"
"Lido Beach","04/11/2014","32"
"Approach Beach","04/11/2014","53"
"Kiu Tsui (New)","05/11/2014","1"
"Trio Beach ","05/11/2014","8"
"Silverstrand Beach","05/11/2014","38"
"Clear Water Bay Second Beach","05/11/2014","6"
"Hap Mun Bay Beach","05/11/2014","1"
"Clear Water Bay First Beach","05/11/2014","9"
"Kiu Tsui Beach","05/11/2014","5"
"Ma Wan Tung Wan Beach","06/11/2014","3"
"Tai Po Lung Mei Beach","07/11/2014","54"
"Kwun Yam Beach","10/11/2014","3"
"Cheung Chau Tung Wan Beach ","10/11/2014","1"
"Golden Beach","10/11/2014","1"
"Deep Water Bay Beach","11/11/2014","16"
"Shek O Beach","11/11/2014","8"
"Hairpin Beach","11/11/2014","1"
"Middle Bay Beach","11/11/2014","1"
"St. Stephen's Beach","11/11/2014","1"
"South Bay Beach","11/11/2014","5"
"Rocky Bay Beach","11/11/2014","8"
"Stanley Main Beach","11/11/2014","2"
"Big Wave Bay Beach","11/11/2014","80"
"Turtle Cove Beach","11/11/2014","13"
"Repulse Bay Beach","11/11/2014","36"
"Chung Hom Kok Beach","11/11/2014","1"
"Clear Water Bay Second Beach","12/11/2014","5"
"Silverstrand Beach","12/11/2014","150"
"Hung Shing Yeh Beach","12/11/2014","1"
"Tai Po Lung Mei Beach","13/11/2014","8"
"Clear Water Bay Second Beach","17/11/2014","1"
"Silverstrand Beach","17/11/2014","21"
"Tong Fuk Beach","18/11/2014","1"
"Silver Mine Bay Beach","18/11/2014","1"
"Pui O Beach","18/11/2014","1"
"Upper Cheung Sha Beach","18/11/2014","1"
"Lower Cheung Sha Beach","18/11/2014","1"
"Golden Beach","18/11/2014","4"
"Middle Bay Beach","19/11/2014","1"
"Repulse Bay Beach","19/11/2014","1"
"Deep Water Bay Beach","19/11/2014","3"
"Lo So Shing Beach","19/11/2014","17"
"Big Wave Bay Beach","19/11/2014","1"
"Stanley Main Beach","19/11/2014","5"
"Tai Po Lung Mei Beach","21/11/2014","16"
"Golden Beach","24/11/2014","7"
"Discovery Bay","24/11/2014","4"
"Repulse Bay Beach","25/11/2014","1"
"Middle Bay Beach","25/11/2014","1"
"Big Wave Bay Beach","25/11/2014","2"
"Stanley Main Beach","25/11/2014","9"
"Deep Water Bay Beach","25/11/2014","1"
"Silverstrand Beach","26/11/2014","100"
"Clear Water Bay Second Beach","26/11/2014","3"
"Tai Po Lung Mei Beach","27/11/2014","117"
"Rocky Bay Beach","01/12/2014","4"
"Turtle Cove Beach","01/12/2014","1"
"Stanley Main Beach","01/12/2014","1"
"Hairpin Beach","01/12/2014","3"
"Shek O Beach","01/12/2014","2"
"Big Wave Bay Beach","01/12/2014","25"
"Deep Water Bay Beach","01/12/2014","3"
"Ting Kau Beach","02/12/2014","86"
"Lido Beach","02/12/2014","47"
"Approach Beach","02/12/2014","101"
"Anglers' Beach ","02/12/2014","41"
"Hoi Mei Wan Beach","02/12/2014","160"
"Golden Beach","02/12/2014","48"
"Gemini Beaches","02/12/2014","67"
"Casam Beach","02/12/2014","62"
"Kwun Yam Beach","02/12/2014","5"
"Cheung Chau Tung Wan Beach ","02/12/2014","32"
"Clear Water Bay Second Beach","03/12/2014","43"
"Clear Water Bay First Beach","03/12/2014","48"
"Hap Mun Bay Beach","03/12/2014","1"
"Trio Beach ","03/12/2014","10"
"Kiu Tsui Beach","03/12/2014","7"
"Kiu Tsui (New)","03/12/2014","11"
"Silverstrand Beach","03/12/2014","62"
"Tai Po Lung Mei Beach","04/12/2014","202"
"Cafeteria Old Beach","08/12/2014","53"
"Castle Peak Beach","08/12/2014","420"
"Ma Wan Tung Wan Beach","08/12/2014","1"
"Kadoorie Beach","08/12/2014","32"
"Cafeteria New Beach","08/12/2014","55"
"Butterfly Beach","08/12/2014","15"
"Golden Beach","08/12/2014","50"
"Hung Shing Yeh Beach","08/12/2014","2"
"Clear Water Bay Second Beach","09/12/2014","74"
"Silverstrand Beach","09/12/2014","34"
"Deep Water Bay Beach","10/12/2014","13"
"St. Stephen's Beach","10/12/2014","1"
"Middle Bay Beach","10/12/2014","11"
"Lower Cheung Sha Beach","10/12/2014","2"
"Tong Fuk Beach","10/12/2014","3"
"Repulse Bay Beach","10/12/2014","8"
"Pui O Beach","10/12/2014","74"
"Upper Cheung Sha Beach","10/12/2014","10"
"Silver Mine Bay Beach","10/12/2014","34"
"Chung Hom Kok Beach","10/12/2014","63"
"South Bay Beach","10/12/2014","8"
"Tai Po Lung Mei Beach","11/12/2014","7"
"Clear Water Bay Second Beach","15/12/2014","1"
"Silverstrand Beach","15/12/2014","77"
"Deep Water Bay Beach","16/12/2014","21"
"Golden Beach","16/12/2014","2"
"Lo So Shing Beach","16/12/2014","13"
"Discovery Bay","17/12/2014","2"
"Tai Po Lung Mei Beach","18/12/2014","110"
"Golden Beach","22/12/2014","9"
"Silverstrand Beach","22/12/2014","25"
"Deep Water Bay Beach","22/12/2014","8"
"Clear Water Bay Second Beach","22/12/2014","4"
"Tai Po Lung Mei Beach","23/12/2014","49"
"Silverstrand Beach","29/12/2014","11"
"Deep Water Bay Beach","29/12/2014","3"
"Golden Beach","29/12/2014","1"
"Clear Water Bay Second Beach","29/12/2014","1"
